{"cameraMode":{"drawMode":0,"name":"Shaded","section":"Shading Mode"},"sceneLighting":true,"audioPlay":false,"sceneViewState":{"showFog":true,"showMaterialUpdate":true,"showSkybox":true,"showFlares":true,"showImageEffects":true,"showParticleSystems":true},"in2DMode":false,"pivot":{"x":1.6092997789382935,"y":9.919968605041504,"z":-7.517329692840576},"rotation":{"x":-0.435610294342041,"y":-0.011234642006456852,"z":0.0054329391568899158,"w":-0.9000853300094605},"size":2.1053504943847658,"orthographic":false}